作者ID,姓名,简介
20fdc8052accfa0f,苏轼,苏轼，北宋文学家、书画家。字子瞻，号东坡居士。其文汪洋恣肆，诗词豪放洒脱，书画造诣颇高，为唐宋八大家之一。
abd1c0467a429725,唐珙,唐珙，字温如，元末明初诗人。其诗风绮丽，才情出众，所作《题龙阳县青草湖》等颇为后世传颂，却生平资料留存甚少。
23c0589212945272,纳兰性德,纳兰性德，清代词人，满洲正黄旗人。其词风婉约，情感细腻，多写爱情、友情与对人生的感悟，代表作有《饮水词》等。
6453963910204781,佚名,佚名指身份不明或者尚未了解姓名的人。他们创作了众多作品，涵盖多种体裁，在文化传承等方面发挥着重要作用。
b512647e6bfc6bf2,唐寅,唐寅，字伯虎，号六如居士。明代著名画家、书法家、诗人。才华横溢，诗画俱佳，却仕途坎坷，以卖画为生，作品风格独特。
2e92d630d57b930a,元稹,元稹，唐代诗人、文学家。与白居易并称“元白”，诗作多写爱情、仕途等，其作品在文学史上有重要地位。
d0f9c3482ddf79bb,辛弃疾,辛弃疾，南宋豪放派词人。一生以恢复中原为志，力主抗金。其词题材广阔，风格沉雄豪迈又不乏细腻柔媚。
a6d8a1ee3205c49c,范成大,范成大，南宋诗人、文学家。其诗题材广泛，风格平易浅显、清新妩媚，与杨万里、陆游、尤袤合称南宋“中兴四大诗人”。
7aa4ba2fcda7016f,刘过,刘过，南宋文学家，好游历，以诗、词、文著称。其词风格豪放，与辛弃疾唱和，有《龙洲集》《龙洲词》等作品传世。
e2f5c16b63310f11,贯休,贯休，唐末五代前蜀画僧、诗僧。俗姓姜，字德隐，婺州兰溪人。工诗善画，其诗风格奇崛，画作亦有独特风貌。
dfc1cfc293757d00,杜荀鹤,杜荀鹤，唐代诗人。其诗多反映社会现实与民生疾苦，风格质朴通俗，语言明快有力，有《唐风集》等作品传世。
293040fc607f40ca,李白,李白，字太白，号青莲居士，唐代伟大诗人。其诗风豪放飘逸、意境奇妙，一生渴望入仕却仕途坎坷，留下众多经典诗作。
5d7e379ac8cd6289,白居易,白居易，字乐天，号香山居士。唐代伟大的现实主义诗人，其诗题材广泛，形式多样，语言平易通俗，有《白氏长庆集》传世。
c35572fca237617b,黄庭坚,黄庭坚，字鲁直，号山谷道人，北宋著名文学家、书法家。其诗风独特，书法自成一家，在文学艺术领域成就颇高。
81d0662f476a4886,欧阳修,欧阳修，北宋文学家、史学家。字永叔，号醉翁、六一居士。领导北宋诗文革新运动，散文成就高，诗词亦佳，著有《欧阳文忠公集》等。
274513e0ef9d9d11,温庭筠,温庭筠，唐代诗人、词人。才思敏捷，工诗，与李商隐齐名，为“温李”。词多写闺情，词风秾丽，是花间派鼻祖。
dd5d4c33d8c4c12a,王昌龄,王昌龄，唐代著名边塞诗人。其诗以七绝见长，气势雄浑，格调高昂，多写边塞生活，有“诗家夫子王江宁”之誉。
40b647076ee1d275,孟郊,孟郊，唐代诗人。一生坎坷，仕途不顺。其诗作多写世态炎凉、民间疾苦，风格古朴凝重，以苦吟著称，有“诗囚”之称。
a35aad4bb88e02e2,刘禹锡,刘禹锡，唐代文学家、哲学家。其诗风豪迈，有“诗豪”之称。一生坎坷，仕途不顺，但文学成就颇高，代表作有《陋室铭》等。
7ed2da0d1c2553c6,郑思肖,郑思肖是宋末元初诗人、画家，宋亡后隐居苏州，坐卧必向南，自号所南，善画墨兰，其诗多伤时感事之作。
a2c9143b08ee3e71,李之仪,李之仪，北宋词人。其词以清婉秀丽见长，多写男女之情。仕途坎坷，著有《姑溪居士文集》等，作品在词坛有一定地位。
d4c00df8a751e1e3,徐再思,徐再思，字德可，号甜斋，元代散曲家。其作品多写男女之情、相思之苦，风格清新秀丽，语言工巧。
2af0e74c74481fc3,秦观,秦观为北宋婉约派词人，字少游、太虚，号淮海居士。其词风婉约细腻，情感真挚，代表作有《鹊桥仙·纤云弄巧》等。
b3d0ab90d716e45f,崔护,崔护，唐代诗人。其诗风精练婉丽，语极清新。以《题都城南庄》闻名，该诗情意真挚，广为流传。
4c6293d09f74fbdb,李益,李益，唐代诗人。其诗音律和美，韵味悠长。尤擅边塞诗，风格豪放明快。仕途坎坷，作品反映诸多人生经历与情感。
692a943572a316d4,黄景仁,黄景仁，清代诗人，家境贫困，一生坎坷。其诗多抒发穷愁不遇、寂寞凄怆之情，风格独特，有《两当轩集》传世。
0f2226dc96ffd389,李商隐,李商隐，字义山，号玉溪生。晚唐著名诗人，其诗构思新奇，风格秾丽，尤其是一些爱情诗和无题诗写得缠绵悱恻，广为传诵。
07d9cc211bb0b828,陆游,陆游，南宋爱国诗人。一生渴望收复失地，其诗作题材广泛，风格豪放悲壮，留存九千余首，展现深厚爱国情怀与文学造诣。
a374097275e57303,王维,王维，字摩诘，唐代诗人、画家。其诗多咏山水田园，风格清新淡雅，又通音乐、书画，诗画成就颇高，被赞“诗中有画，画中有诗” 。
49d2403b99d6845a,晏殊,晏殊，北宋著名文学家、政治家。十四岁以神童入试，赐同进士出身，官至宰相。其词工于造语，温润秀洁，有《珠玉词》等。
e188a71cb7b7a92b,李煜,李煜，南唐末代君主，善诗文、工书画、通音律。在位时生活奢华，国亡后被囚，词作多写亡国之痛，情感真挚深沉。
9326358349a8556b,高蟾,高蟾，唐代诗人。生卒年不详，家贫，累举不第。其诗多感事伤怀，风格悲慨，如《金陵晚望》等，在晚唐诗坛有一定地位。
7595c7235c6fc8f1,韦应物,韦应物是唐代诗人，曾任多种官职。其诗多写山水田园，风格恬淡高远，语言简淡，意境清幽，有《韦苏州集》传世。
1f56ff157a1eedf1,林逋,林逋，北宋著名隐逸诗人。性孤高自好，喜恬淡，终生不仕不娶，隐居西湖孤山，以梅为妻，以鹤为子，有“梅妻鹤子”之称。
cf7b79488dd4aa74,北宋·张载,北宋思想家、教育家张载，世称横渠先生。其学以“气”为核心，著有《正蒙》等，创立关学，对后世影响深远。
be89ad4965eef177,刘希夷,刘希夷为初唐诗人，善写闺情，其诗辞藻华丽，韵律和谐。代表作有《代悲白头翁》等，才华出众却命运坎坷。
7ed6717fdf5af955,李清照,李清照，宋代女词人，婉约派代表。才情出众，词作多写闺情相思、生活感悟。前期清新明快，后期沉郁哀婉，其作影响深远。
06e2596a2748b93b,吴庆坻,吴庆坻，晚清官员、学者。光绪十二年进士，授编修，官至四川布政使。工诗，有《悔余生诗钞》等著作。
a057a723af7a8839,许浑,许浑，唐代诗人。其诗作多写水，尤擅律体，风格清新自然，以《咸阳城东楼》等为代表，在唐代诗坛颇具影响力。
c350f72ba6fe0941,黄巢,黄巢是唐末农民起义领袖，出身盐商家庭，善骑射，喜任侠。他领导的起义沉重打击了唐朝统治，曾建立大齐政权。
5d6eba760e3dc74a,黄櫱禅师,黄�禅师唐代高僧，幼于本州黄檗山出家，得法于百丈怀海，以禅法机锋峻烈著称，其禅学影响深远。
25d74e4430543e10,柳永,柳永，北宋著名词人，婉约派代表人物。其词多写羁旅之愁与相思之情，善用铺叙，音律谐婉，流传甚广。
0069df8ad565c23a,俞彦,俞彦，明代诗人、词人。万历二十九年进士，历官光禄寺少卿。长于词，尤工小令，以淡雅见称，有《爰园词话》等著作。
8a766abf8f9b3866,朱敦儒,朱敦儒是宋代著名词人，一生辗转，早年隐居，后出仕，词风豪放旷达，有《樵歌》等作品流传。
34a1d5c4f2332be8,司马相如,司马相如是西汉辞赋家，其作品辞藻富丽、结构宏大。代表作有《子虚赋》《上林赋》等，对汉赋发展影响深远。
d8142b95f3936281,元好问,元好问，字裕之，号遗山，金末元初著名文学家、历史学家。其诗词风格沉郁顿挫，编有《中州集》等。
74615bbec31f4c93,志南,志南是南宋诗僧，能诗文，其作品多写自然景色与闲适生活，风格清新自然，代表作有《绝句·古木阴中系短篷》等。
372613e0fcb3fa2e,李贺,李贺，唐宗室后裔，早慧能诗，仕途坎坷。其诗作多以神话传说、鬼怪灵异为题材，风格独特，有“诗鬼”之称。
256542c71e1f8888,翁宏,翁宏，五代十国时期诗人。其诗作多写闺情，辞工句丽，然流传作品较少，《春残》等为其代表作。
c5ddc3dafd8a70e2,岑参,岑参，唐代诗人。其诗题材广泛，尤擅边塞诗，风格奇峻壮阔，语言瑰丽，展现出独特的艺术魅力，对后世影响深远。
c6996ea7185b5fbc,王观,王观，北宋词人，字通叟，如皋人。其词风格清新自然，有《冠柳集》等作品传世，在北宋词坛有一定地位。
9d53b358023ab9aa,高适,高适，字达夫，唐代边塞诗人。其诗多反映边塞生活及征战场景，风格雄浑悲壮，与岑参并称“高岑”。
2fce5d6cc34e3a00,刘长卿,刘长卿，唐代诗人。工于五言，自称“五言长城”。其诗多写政治失意之感，也有反映离乱生活之作，风格含蓄温和。
4452f72e28bfb343,骆宾王,骆宾王，唐代诗人。七岁能诗，才思敏捷。其诗作题材广泛，尤擅七言歌行，与王勃、杨炯、卢照邻并称“初唐四杰”。
d2585b620ce6a400,荀子,荀子，名况，战国末期赵国人。著名思想家、文学家、政治家，先秦儒家代表人物之一，其思想对后世影响深远。
e157ec38c2d129b1,宋濂,宋濂是元末明初著名政治家、文学家、史学家、思想家。他自幼好学，学识渊博，为明朝开国文臣之首，被朱元璋誉为“开国文臣之首”。
b3f40e1909dfb7f4,颜真卿,颜真卿为唐代杰出书法家，其楷书端庄雄伟，行书遒劲郁勃，创“颜体”，又以忠义闻名，为维护国家统一做出贡献。
d1641a1a4b725f5d,朱熹,朱熹是南宋理学家、思想家、哲学家、教育家。他著述颇丰，其理学思想对后世影响深远，在文化教育等领域贡献卓越。
81bb5f2fe79ca956,司马光,司马光，北宋史学家、文学家。主持编纂《资治通鉴》，其作品多反映政治、历史等内容，对后世影响深远。
546e9f848f9fee4e,赵恒,赵恒即宋真宗，是宋朝第三位皇帝。他在位前期任用贤能，减免税赋，与辽订立澶渊之盟，后期迷信道教，广建宫观。
5863b74b8f306134,韩愈,韩愈，字退之，唐代杰出文学家、思想家。倡导古文运动，文风雄奇奔放，其作品对后世文学影响深远，官至吏部侍郎。
1efdb400d792bdc5,王贞白,王贞白，唐末五代十国著名诗人。其诗风古朴，才华出众，著有《灵溪集》，以《白鹿洞二首·其一》等诗作闻名。
0567c81814818606,王安石,王安石，北宋著名政治家、文学家、思想家。熙宁变法，力主改革。其文雄健峭拔，其诗精于修辞，在文学史上影响深远。
04cd7ba72410cc1a,杜甫,杜甫，字子美，自号少陵野老。唐代伟大现实主义诗人，其诗反映社会风貌，沉郁顿挫，被尊为“诗圣”，作品有《杜工部集》。
c9e5c0645235b73e,陶渊明,陶渊明，东晋田园诗人。自幼修习儒家经典，怀有兼济天下的政治抱负，后因社会动荡而归隐，以田园生活为题材创作诸多佳作。
4312a4ac8634d6c8,顾炎武,顾炎武是明末清初著名思想家、学者，学识渊博，著有《日知录》等，强调经世致用，注重实学，其思想影响深远。
e3d008cd91283516,范仲淹,范仲淹，北宋杰出的政治家、文学家。他政绩卓著，有“先天下之忧而忧，后天下之乐而乐”的千古名句，著有《范文正公集》。
f4dfc89634e36c0f,王翰,王翰，唐代边塞诗人。性格豪放不羁，其诗多写边塞生活，风格壮丽。代表作有《凉州词》等，以独特风格展现唐代边塞风貌。
24c83f7c7b33bbde,王之涣,王之涣，唐代诗人。其诗多被当时乐工制曲歌唱，以描写边塞风光著称，代表作有《登鹳雀楼》《凉州词》等。
1a6a5959ba85f51a,杨炯,杨炯，唐代诗人，与王勃、卢照邻、骆宾王并称“初唐四杰”。其诗风刚健，擅长五言律诗，代表作有《从军行》等。
0e6bc92f94106db2,卢纶,卢纶是唐代诗人，大历十才子之一。其诗多送别酬答之作，也有反映社会现实的作品，风格雄浑，情调慷慨。
cc393fa8f2fd94f1,袁枚,袁枚，清代诗人、散文家。字子才，号简斋，晚年自号仓山居士、随园主人等。论诗主张抒写性情，创“性灵说”，著有《随园诗话》等。
9f073525c3afef41,胡令能,胡令能，唐代诗人。少为手工匠，家贫。其诗多写农村生活，语言质朴，意境深远，以《小儿垂钓》等作闻名。
ea2e4c270851c19f,雷震,雷震，南宋诗人，生平不详。其诗多描绘自然景色与乡村生活，风格质朴清新，如《村晚》展现乡村晚景的宁静美好。
fb9cfab652d4f6e8,杨万里,杨万里，南宋著名诗人。其诗风独特，清新自然，题材广泛。一生作诗两万余首，与尤袤、范成大、陆游并称“中兴四大诗人”。
687a5680ddf6041a,列子,列子，名御寇，战国时期道家代表人物。主张清静无为，其学说本于黄帝老子，著有《列子》，包含诸多寓言故事。
60d8170c4025815a,吕岩,吕岩，唐末五代著名道士。号纯阳子，世称吕洞宾。其诗多以道教思想为题材，风格独特，在道教及文学领域影响深远。
59946c75aa400f37,刘义庆,刘义庆是南朝宋宗室、文学家。自幼才华出众，爱好文学，著有《世说新语》等，其作品在文学史上影响深远。
498f3ba0290c14ba,施肩吾,施肩吾，唐代著名诗人、道学家、民间开发澎湖第一人。他博学多才，工诗善文，其作品多写民间生活与自然景色。
b2ec2f06ebe388c4,韦庄,韦庄，唐末五代诗人、词人。其诗多写乱世离情，词风清丽，有《秦妇吟》等佳作，与温庭筠并称“温韦”，为花间派重要词人。
b15dd070ea79039a,左思,左思，西晋著名文学家。其貌寝口讷，不好交游。所作《三都赋》轰动一时，造成“洛阳纸贵”，另有《咏史诗》等佳作。
cc2ea21cc303da30,徐渭,徐渭，明代著名文学家、书画家等。多才多艺，诗文书画皆擅，一生坎坷，其作品风格独特，对后世影响深远。
df3908fb38a4666a,于鹄,于鹄，唐代诗人。其诗多写山林生活及僧道情怀。风格质朴清新，部分作品反映社会现实，有一定艺术价值。
1203bc05069505cb,李涉,李涉，唐代诗人。早岁客梁园，后屡试不第，浪游四方。其诗多写自身经历与羁旅之感，风格明快，有独特艺术魅力。
e20ab13385a46172,张若虚,张若虚，初唐诗人。与贺知章、张旭、包融并称“吴中四士”。其诗仅存二首，《春江花月夜》尤为著名，乃千古绝唱。
41d23fab3caaebb9,杜牧,杜牧，唐代杰出诗人、散文家。其诗风格俊爽清丽，多涉咏史抒怀，如《泊秦淮》等；散文气势雄浑，著有《樊川文集》。
02e49b3230281fb0,贺铸,贺铸，字方回，号庆湖遗老，北宋词人。其词风格多样，兼具豪放与婉约，作品多有怀才不遇之感，对后世词坛影响颇深。
7f7bc02ec1d2eba3,贺知章,贺知章，唐代诗人、书法家。性旷达，善谈笑，晚年尤放诞，自号“四明狂客”。其诗文以清新通俗著称。
3129dde70b287b39,高鼎,高鼎，清代后期诗人。其生活在鸦片战争之后，擅长描写自然景色，诗作多含生活气息，以《村居》等作品闻名。
1e3f521af11ba919,叶绍翁,叶绍翁，南宋中期诗人，字嗣宗，号靖逸，其诗多写江湖田园风光，七言绝句尤为精巧，著有《靖逸小集》。
66a9986b976dbf41,赵师秀,赵师秀，南宋诗人，字紫芝，号灵秀，永嘉人。其诗工于写景，清新自然，为“永嘉四灵”之一。
693847157d655402,周邦彦,周邦彦，北宋著名词人。精通音律，词风典雅精丽。其作品在词的格律、语言等方面多有创新，对后世词坛影响深远。
aff68ac6edf50698,高骈,高骈，唐末名将、诗人。曾在边塞立功，后任淮南节度使等职。其诗多写边塞风光，风格豪放，也有部分诗作反映社会现实。
72f19365f16b0f21,孟浩然,孟浩然，唐代山水田园派诗人。早年隐居鹿门山，40岁入长安求仕未得。其诗多写山水田园生活，清淡自然，意境深远。
471f1c9076cbf9cd,白朴,白朴，字太素，号兰谷，元代著名杂剧作家。自幼聪慧，博学多才，其剧作多以历史传说为题材，风格优美，代表作有《梧桐雨》等。
2ea1af99b0d5c524,马致远,马致远，元代戏曲作家、散曲家。号东篱，其作品多写神仙道化，风格豪放清逸，代表作有《汉宫秋》《天净沙·秋思》等。
cee151dc103220a6,王绩,王绩，字无功，号东皋子，隋末唐初诗人。性简傲，嗜酒，能诗善文，其诗多以山水田园为题材，风格清新自然。
2119b3f84a34051c,张继,张继，唐代诗人。其诗作多写羁旅情愁，《枫桥夜泊》尤为著名。他的诗风清远，意境幽美，在唐代诗坛别具一格。
3b439429ea19e7fe,曹丕,曹丕，魏文帝，曹操次子。善诗文，其《燕歌行》是现存最早的完整七言诗。在位期间推行九品中正制，巩固政权。
780c7fd624bda1f7,柳宗元,柳宗元，唐代文学家、思想家。因参与永贞革新失败遭贬，其文多讽时刺世，山水游记成就颇高，与韩愈并称“韩柳”。
b2fc23f9938705ac,卢钺,卢钺，南宋诗人。字威节，一作威仲，闽县人。其诗作以写景状物见长，风格清新自然。
b4c5a528cb59214f,祖咏,祖咏，唐代诗人。其诗多写山水田园，辞意清新，意境深远。他擅长五言诗，作品风格质朴自然，在唐代诗坛别具一格。
e95ee743d1bfebe2,郑燮,郑燮，号板桥，清代书画家、文学家。其诗书画世称“三绝”，为“扬州八怪”重要代表，作品多反映民间疾苦。
06ce6ef3a8e6f907,吕本中,吕本中，南宋诗人、词人、道学家。其诗风兼具江西诗派之长，又有自己的独特风格，词作也颇为清新自然。
6b78d2f37f0e0dba,岳飞,岳飞，南宋抗金名将，精忠报国，战功赫赫，其军事才能卓越，却遭秦桧等陷害，含冤而死，留下千古英名。
738ecab5c028cfb3,夏完淳,夏完淳是南明抗清英雄，自幼聪慧，才思敏捷，以诗明志，积极抗清，后兵败被俘，慷慨就义，年仅17岁。
a644b67c8b5752ec,庾信,庾信，南北朝时期文学家。初仕南朝，后出使北朝被留。其诗赋风格苍劲悲凉，融合南北文学之长，代表作有《哀江南赋》等。
0d96b4d2b6b2f534,蔡琰,蔡琰，字文姬，东汉末年女性文学家。博学多才，通音律，初嫁卫仲道，后遭战乱流离，曾被匈奴掳走，有《悲愤诗》等作品传世。
e987593c34ec66e2,淮上女,淮上女为南宋时期被金人掳掠北去的女子。其词作多抒发亡国之痛、身世飘零之感，情感真挚悲切。
0c3fd9d976f8e7dd,陈与义,陈与义是宋代杰出诗人。其诗风雄浑沉郁，前期多写个人身世，后期忧国伤时，作品在宋代诗坛有重要地位。
40e475af4709b64a,屈原,屈原，战国时期楚国诗人、政治家。他忠君爱国，遭谗被贬，自沉汨罗。其作品如《离骚》等，极具浪漫主义色彩。
22449bb47af612bd,崔珏,崔珏，字梦之，唐代诗人。其诗风清丽，多写爱情、友情等，以《哭李商隐》二首最为著名，在唐代诗坛有一定地位。
aff5205ceacff787,李忱,李忱即唐宣宗，是唐朝第十六位皇帝。他勤于政事，明察沉断，致力于整顿吏治，使唐朝呈现出“中兴”局面。
3016aaac9021cb21,阮籍,阮籍是三国时期魏国诗人，竹林七贤之一。其诗风格独特，多感慨人生、抒发忧愤，代表作有《咏怀八十二首》等。
e6d0942d104e4f71,邵雍,邵雍，北宋著名理学家、数学家、诗人。其学以先天象数为宗，著有《皇极经世》等，对后世理学发展影响深远。
740656f5aa61df2b,文天祥,文天祥，南宋末年政治家、文学家，抗元名臣。以忠烈名传后世，艰苦抗元，兵败被俘，宁死不屈，留下《过零丁洋》等千古名篇。
572ae82793362e34,崔颢,崔颢，唐代诗人。其诗风豪放，早期作品多写闺情，后多写边塞生活等。代表作有《黄鹤楼》等，在唐代诗坛颇具影响力。
b1729513968fa728,王湾,王湾，唐代诗人。先天年间进士，其诗风壮美，意境开阔。所作《次北固山下》等，展现出高超艺术水准，在唐诗中颇具影响。
ef7bb425006bc7da,张九龄,张九龄，字子寿，韶州曲江人。唐开元尚书丞相，诗人。举止优雅，风度不凡，以直言敢谏著称，诗风清淡。
03329538ad9d73e5,常建,常建，唐代诗人。其诗多写山水田园，风格清幽超逸。仕途坎坷，作品多表达对人生的感慨及对自然的热爱，有独特艺术魅力。
b44a960be8a456f3,于谦,于谦，明代名臣。为官清廉正直，力主抗敌，保卫京师，却遭诬陷被害。其诗作风格质朴刚劲，多有忧国忧民之情怀。
22ccd4dc92f84000,王冕,王冕，元代诗人、画家。出身贫寒，一生爱好梅花，以画梅著称。诗多描写田园生活，风格质朴自然。
95614e79e23da13f,罗隐,罗隐，唐代诗人。才华横溢却仕途坎坷，诗文多讽世之作，笔锋犀利，其作品在文学史上具独特地位。
40c8626e9d5bf3db,刘桢,刘桢，东汉末年文学家，“建安七子”之一。其诗风格刚劲，语言质朴，所作多反映社会现实与人生感慨。
54a2977eb66c86d0,虞世南,虞世南，初唐著名书法家、文学家。官至秘书监，封永兴县子，世称“虞永兴”。其书法笔致圆融遒劲，文辞典雅，为唐初四杰之一。
e5b1a9cb7e168f43,曹植,曹植，字子建，三国时期曹魏文学家。自幼聪慧，才高八斗。其诗辞赋俱佳，代表作有《洛神赋》《白马篇》等。
35f851f8cabc6a3b,唐琬,唐琬是南宋著名才女，自幼聪慧，擅长诗词。她与陆游情投意合却被迫分离，其词哀怨凄楚，才情令人赞叹，命运令人惋惜。
ca8dd8994e9cfd11,卓文君,卓文君乃西汉才女，善鼓琴，与司马相如相恋，当垆卖酒传为佳话。其作品有《白头吟》等，才情出众，敢爱敢恨。
067d23adb14203f1,西鄙人,西鄙人，唐代诗人，生平不详。其作品多反映边塞生活，风格质朴豪放，以《哥舒歌》等诗作流传后世。
186a305b0d843d46,戴叔伦,戴叔伦是唐代诗人，其诗多表现隐逸生活和闲适情调，也有反映社会现实之作，体裁以五言、七言为主，风格清新自然。
18f575014de02a14,牛希济,牛希济，五代十国时期前蜀词人。仕前蜀，累官翰林学士、御史中丞。其词多写男女情事，风格清新自然。
bbdbe1c86678dcfb,李贤,李贤一般指唐朝章怀太子。他是唐高宗李治第六子，武则天次子，博学多才，曾注《后汉书》，后被武则天废为庶人，最终被逼自杀。
e37a86d1a1dbed0c,曹操,曹操，字孟德，东汉末年杰出的政治家、军事家、文学家。他善用权谋，统一北方，其诗歌气魄雄伟，慷慨悲凉。
5994775adaca5dc9,郦道元,郦道元，北魏时期地理学家、文学家。好学博览，著有《水经注》，以注《水经》而闻名，其文辞优美，兼具科学与文学价值。
d6059db7b8d22be0,吴均,吴均，南朝梁文学家。其诗文风格清拔，多描写山水景物，有《与朱元思书》等佳作，开创“吴均体”，对后世文学影响颇大。
355935b5f7559d04,王勃,王勃，唐代诗人，字子安，绛州龙门人。与杨炯、卢照邻、骆宾王并称“初唐四杰”，其诗风清新自然，代表作有《滕王阁序》等。
ab32c50a60222c25,张养浩,张养浩是元代著名政治家、文学家。曾任监察御史等职，以直言敢谏著称。其文辞清新，代表作有《山坡羊·潼关怀古》等。
540153d446e24597,杨慎,杨慎，明代文学家、学者。正德六年状元，以才学高博著称，因“大礼议”受廷杖，谪戍云南永昌，著作颇丰。
c7007819c924df7a,卢照邻,卢照邻为初唐诗人，与王勃、杨炯、骆宾王并称“初唐四杰”。其诗多忧愤之作，擅长七言歌行，对推动诗歌发展贡献颇大。
7c7e4797055e2504,西晋·李密,李密，西晋犍为武阳人。父早亡，母改嫁，由祖母刘氏抚养。以孝闻名，曾仕蜀汉，后归晋，著有《陈情表》。
5bed4a6b391e094e,嵇康,嵇康，三国曹魏时著名思想家、音乐家、文学家。崇尚老庄，讲求养生服食之道，个性刚直，因得罪权贵遭构陷，被司马昭处死。
f80e62576f5f2976,孔稚珪,孔稚珪，南朝齐骈文家。博学能文，仕途经历丰富，其文多有佳作，代表作《北山移文》讽刺假隐士，文辞精美。
edf27c49da5ef168,沈复,沈复，清代文学家。字三白，号梅逸。著有《浮生六记》，以生动笔触记录生活点滴，文笔细腻，情感真挚。
aa1e17be59466d47,汪琬,汪琬，明末清初散文家，字苕文，号钝庵等。其文风简洁，所作散文多为经世致用之作，有《钝翁类稿》等著作。
369d326f0ae1ecfd,李陵,李陵为西汉名将李广利之侄，善骑射。率部与匈奴作战，力战而降，后留居匈奴，其事迹在历史上颇具争议。
3e56d56a8e8ae235,周密,周密为南宋词人、文学家。能诗善文，词风典雅，著有《草窗韵语》《武林旧事》《齐东野语》等，在文学史上有一定地位。
6059e1fd0a621f4a,苏辙,苏辙，北宋文学家、政治家，字子由，与父苏洵、兄苏轼合称“三苏”，其文汪洋澹泊，有《栾城集》等著作。
6a814e248b639051,蒋坦,蒋坦，清代诗人。其才情出众，诗作多写个人生活情感，风格细腻，以《秋灯琐忆》展现与爱妻的生活点滴。
d22a4664b7213ff5,归有光,归有光，明代散文家，字熙甫，号震川。文风质朴，情感真挚，其散文对后世散文发展影响深远。
3a3739ecbf78c698,袁宏道,袁宏道，明代文学家，公安派代表人物。字中郎，号石公。倡导“独抒性灵，不拘格套”，文风清新活泼。
d9f2467ff0e36fa7,李璟,李璟，南唐中主，在位时政治上受北方后周威胁，国势日衰。其词多感慨，风格清新，对南唐词风发展有重要影响。
01b0404cb734c4dc,晏几道,晏几道，字叔原，号小山，北宋著名词人。出身名门，一生仕途坎坷，其词多写爱情、身世之感，词风哀感缠绵、清壮顿挫。
c1f1f6615ff0335b,张志和,张志和，唐代诗人、画家、隐士。博学能文，擅诗词、书画、音乐。其词多写隐居生活，风格清新自然，《渔歌子》最为著名。
dfd37fd4b7aca2d4,左丘明,左丘明，春秋时期鲁国史官。曾任鲁国太史，博闻强识，著有《左传》《国语》，为中国古代史学和文学发展贡献巨大。
1d0b168586df683c,曾巩,曾巩，北宋文学家、史学家、政治家。其文“古雅、平正、冲和”，为唐宋八大家之一，著有《元丰类稿》等。
6f3b119ce325964d,鱼玄机,鱼玄机，唐代女诗人。性聪慧，有才思。初为李亿妾，后出家为女道士，因笞杀婢女绿翘获罪，最终被处死。
d982c1c54f0fe1a9,柳如是,柳如是为明末清初名妓，才色双全。她与钱谦益等交往，积极参与社会活动，留下诸多传奇事迹，其诗词颇具特色。
e13cb4c317ea75ed,寇准,寇准是北宋政治家、诗人。他刚直不阿，敢于进谏，在澶渊之盟中力主抗辽，为北宋稳定立下大功，有《寇忠愍诗集》传世。
9a29cfa28122ab21,雍裕之,雍裕之，唐代诗人。其诗多写日常生活小事，风格婉转，语言清新，以《农家望晴》《江上闻猿》等作品较为著名。
7979db824cffb5c2,何希尧,何希尧，唐代诗人。其诗作多有佳作，风格独特，在当时诗坛有一定影响力，为唐代诗歌发展贡献了自己的作品。
89a3f1c70b41964b,翁元龙,翁元龙，字时可，号处静，宋代词人。其词多写闺情、咏物，词风婉约细腻，有《渔父词》《瑞龙吟》等作品传世。
6f29890205b82bfe,司空曙,司空曙，字文明，广平人，为“大历十才子”之一。其诗多写自然景色和乡情旅思，情感细腻，风格清幽。
7f61fe15f0b4888d,吴文英,吴文英，南宋词人，字君特，号梦窗，其词风密丽，善用典故，词章工巧，对后世词坛影响深远。
9896951f511f649b,陈师道,陈师道，北宋诗人，为“苏门六君子”之一。其诗风格简古，苦吟锤炼，多写个人生活琐事与人生感慨。
484105106030fb5d,汪藻,汪藻是北宋末、南宋初文学家。其学识渊博，工于四六文，作品多有反映社会现实及个人情志，文风典雅。
5209d809d2985a34,顾夐,顾夐，五代十国时期前蜀词人。善写男女之情，词风绮丽香艳，其作品在花间词派中颇具特色。
2d8e143f45b402a4,冯延巳,冯延巳是五代十国时期南唐著名词人。他仕于南唐，词作多写闲情逸致，风格委婉细腻，对北宋词坛影响较大。
a7501f4e9740c231,蒋捷,蒋捷为宋末元初词人，其词多写亡国之痛，风格多样，或清新自然，或沉郁悲怆，有《竹山词》等作品传世。
868cb426cc617098,厉鹗,厉鹗，清代文学家，字太鸿，号樊榭。其诗词风格清幽冷峭，工于雕琢，为浙西词派重要作家，著有《樊榭山房集》等。
82fdc08833e709ac,史达祖,史达祖，南宋词人，字邦卿，号梅溪。其词风奇秀清逸，善用白描，多写身世之感、离别之情，有《梅溪词》传世。
e8a5656a9f005103,王羲之,王羲之，东晋时期著名书法家，字逸少，其书法风格平和自然，笔势委婉含蓄，遒美健秀，有“书圣”之称。
dafe0f9b4ec6181f,江淹,江淹，南朝宋齐梁时期文学家。少孤贫好学，早年即以文章显名，晚年才思减退，有“江郎才尽”之说。
72630c394c78f895,陆凯,陆凯，北魏人，曾任正平太守等职。他为人忠厚，以诗文见长，与范晔交好，其《赠范晔诗》颇为著名。
828553f171564081,崔道融,崔道融，唐代诗人。其诗作多写羁旅漂泊、人生感慨等，风格清新自然，以五绝著称，有《申唐诗》等作品传世。
f7f704b42ece3d51,杜耒,杜耒，南宋诗人。字子野，号小山。其诗多写自然景色与日常生活，风格清新自然，有《小山集》传世。
d9a8a7c94e7c748f,司马迁,司马迁，西汉史学家、文学家、思想家。因李陵之祸受宫刑，忍辱负重著《史记》，被后世尊称为“史迁”“太史公”。
2d11ff90faef43c8,张岱,张岱是明末清初文学家、史学家。出身仕宦世家，早年生活优裕，明亡后避居山中，著有《陶庵梦忆》《西湖梦寻》等。
f7ce47d2e2fb1d48,王建,王建，唐代诗人。出身寒微，一生潦倒。其诗题材广泛，以乐府诗成就最高，多反映社会现实与民生疾苦。
d201c2853100bbd8,张泌,张泌，五代十国时期南唐词人。其词多写男女之情，风格细腻委婉，语言工丽，在花间词派中别具一格。
fda93c79275b812a,诸葛亮,诸葛亮，字孔明，三国时期蜀汉丞相。才智超群，辅佐刘备建立蜀汉，鞠躬尽瘁，为兴复汉室殚精竭虑。
742287ecf19ef6db,李峤,李峤，唐代诗人。历仕五朝，官至中书令。其诗多咏物之作，辞采华丽，对唐代律诗和歌行的发展有一定影响。
4db5272b4d14741c,周敦颐,周敦颐，北宋哲学家，著有《太极图说》《通书》等。其理学思想影响深远，开创宋明理学之先河，为人清正廉洁。
4542f937309897d5,蔡松年,蔡松年为金代文学家。官至右丞相，封卫国公。其词多写个人闲逸生活，文辞清丽，有《明秀集》传世。
412349182fa225de,萧绎,萧绎即梁元帝，自幼聪慧，好读书，善文学、绘画。在位期间，平定侯景之乱，后江陵失陷被杀，有《金楼子》等著作。
c7b47524dc0535f8,王士祯,王士祯，清初杰出文学家。其诗风清秀澄淡，创“神韵”说，诗作颇丰，在文坛影响深远，著作有《带经堂集》等。
ea89251b712828ae,沈周,沈周是明代杰出画家，字启南，号石田等。长于山水画，兼工花鸟、人物，画法多样，为“吴门四家”之首。
4d5cad795462a4c4,吴师道,吴师道，元代诗人、学者。字正传，婺州兰溪人。博学多才，工词章，对经史亦有研究，著有《吴正传文集》等。
3ca5d74efb4a4bb8,魏徵,魏徵，唐初政治家、思想家。以直言敢谏著称，辅佐唐太宗共创“贞观之治”，所著《谏太宗十思疏》等影响深远。
f52d66b4a43b114b,罗贯中,罗贯中，元末明初小说家。名本，字贯中，号湖海散人。著有《三国演义》等，对中国文学发展影响深远。
a69b66ccbc1a4746,陈尧佐,陈尧佐，字希元，号知余子。北宋大臣、诗人。为官有政绩，善治水，工诗善文，著有《潮阳编》等。
de60a4b9cf85bac6,刘安,刘安是西汉时期淮南王，好读书鼓琴，善为文辞，广招宾客方术之士，编撰了《淮南子》，其思想兼儒、道等多家。
bb8fba18aaa7065e,韦嗣立,韦嗣立，唐代官员，进士出身。曾多次任职，在政治上有一定作为，以正直敢言著称，其政绩和文学才华皆受时人称赞。
8a2b4a39081ff324,张宁,张宁，明代诗人、书画家。景泰五年进士，授礼科给事中，后官至都给事中。有《方洲集》等作品，诗文书画皆有一定造诣。
e254f9d5d6aaab89,罗钦顺,罗钦顺为明代学者，字允升，号整庵。他在理学等方面有深入研究，著有《困知记》等，对后世思想发展有重要影响。
f9f795ff0a381337,庄周,庄周，战国时期道家学派代表人物。他崇尚自由，主张顺应自然，其思想深邃独特，著有《庄子》，对后世哲学等影响深远。
dc1a924dcfc07142,贾谊,贾谊是西汉初年著名政论家、文学家。他年少有才，力主改革，却遭排挤，其政论、辞赋皆具影响力。
a7255bc5f4e7b3d6,李纲,李纲，北宋末、南宋初抗金名臣。字伯纪，福建邵武人。靖康元年力主抗金，后被罢官。南宋时又多次遭贬，但其爱国之志不渝。
f95faa1680512b4c,鲍照,鲍照，南朝宋文学家。出身寒微，才思敏捷。其诗风格俊逸豪放，对后世诗歌发展影响深远，有《鲍参军集》传世。
a9cf7619716a8d6f,张可久,张可久是元代著名散曲家，仕途坎坷，一生未仕。其作品多写山水胜景、风花雪月，风格典雅清丽，存世作品数量众多。
5d956932612065bc,王磐,王磐，明代散曲家。字鸿渐，号西楼。一生不仕，纵情山水。其散曲题材广泛，风格清俊，在明代散曲中颇具特色。
6f3d716a2d7cfc91,乔吉,乔吉，元代散曲家、杂剧作家。其作品风格清丽，多以男女爱情、写景咏物等为题材，在元曲创作领域颇有成就。
50e3c1770c46d3ca,宋方壶,宋方壶，元末明初散曲家。其作品多写闲适生活与男女之情，风格质朴自然，在元明散曲创作中颇具特色。
ebfd3f012e047e83,王实甫,王实甫是元代著名戏曲作家，著有《西厢记》等。其作品文采斐然，擅长刻画人物心理，对元杂剧发展贡献重大。
ba99ddaabf175ec9,张鸣善,张鸣善为元代散曲家。其作品风格多样，以讽刺世态炎凉等内容著称，在元曲创作领域有一定地位与影响力。
bcd68641f4a3cf72,关汉卿,关汉卿是元代杂剧奠基人，“元曲四大家”之首。其剧作题材广泛，风格多样，以《窦娥冤》等作品闻名于世。
04427be646d7c6ab,曹雪芹,曹雪芹，清代文学家。家道中落，历经坎坷。以坚韧毅力创作《红楼梦》，该书堪称中国古典小说巅峰之作。
b7f92e2c8527240d,赵秉文,赵秉文为金代著名文学家、学者。他博学多才，工诗善文，在文坛影响较大，其作品风格多样，著述颇丰。
eaa83506c7ce3a29,刘克庄,刘克庄，南宋诗人、词人、诗论家。一生仕宦坎坷，诗词风格多样，题材广泛，其作品在文学史上有重要地位。
bed0167fd6fdf13b,朱淑真,朱淑真，宋代女诗人，生于仕宦家庭，工诗善画，才情出众。其诗词多写个人情感，情感细腻，流传有《断肠诗集》等。
996cc30a2eec2c4e,谢枋得,谢枋得，南宋末年著名文学家、爱国诗人。力抗元军，兵败后隐居，后被强迫北行，绝食而死，著有《叠山集》等。
9144a652b3b9c973,宋祁,宋祁，北宋文学家、史学家。官至工部尚书、翰林学士承旨。与兄宋庠并有文名，时称“二宋”，其词多写个人生活。
53bf947e18651355,陈知玄,陈知玄，唐代高僧。幼即聪慧，出家后广研佛法，学识渊博，备受尊崇，对佛教教义阐释贡献颇大。
66114fdf4d5da752,张旭,张旭，唐代书法家，性好酒，世称“张颠”。其草书成就极高，笔法狂放不羁，与怀素并称“颠张醉素”，对后世书法影响深远。
eafd350075848739,严蕊,严蕊是南宋中期女词人。她才华出众，善诗词，因遭朱熹迫害仍坚守气节，其作品多写个人身世之感，词风婉约。
587c74a2adaae8fe,贾至,贾至，字幼邻，唐代诗人。官至中书舍人等职。其诗多为伤乱怀旧之作，辞藻华丽，《全唐诗》存其诗一卷。
394570d477509aa5,万俟咏,万俟咏是北宋末南宋初词人。其词作多应制、谀颂之作，也有清新自然之作。曾多次应考不第，后以词自名。
7197474bc2066501,王驾,王驾，唐代诗人。其诗风清新自然，代表作有《社日》《雨晴》等。与郑谷、司空图等交往密切，在当时诗坛有一定地位。
e7174be8ee3d86fb,张先,张先，北宋词人。其词多写男女之情与宴游之乐，善用“影”字，有“张三影”之称，对宋词发展有一定贡献。
1c4ad8872366d6c5,屈复,屈复，清代诗人。其诗多写个人身世感慨，风格清逸。著有《弱水集》等，在清代诗坛有一定地位。
743c32c123b6fcfc,江开,江开，南宋时期词人。生平资料记载较少，其词风多写羁旅愁思等，作品在南宋词坛有一定特色。
66ab6b9b6883237e,孙绰,孙绰，东晋时期玄言诗代表作家。博学善文，工于书法，其诗多以玄理入诗，辞藻优美，在当时文坛颇具影响力。
09601d9760ad94a6,姚鼐,姚鼐，清代著名散文家，为桐城派代表人物之一。其文风格简洁，讲究义理、考据、辞章，著有《惜抱轩诗文集》等。
f8d940ff8ec347e2,张耒,张耒，北宋诗人，为“苏门四学士”之一。其诗风格平易自然，语言晓畅，多反映社会生活与民生疾苦。
44551aa1407142ba,赵翼,赵翼，清代文学家、史学家。学问渊博，长于史学考订。其诗与袁枚、蒋士铨齐名，著作有《廿二史札记》《瓯北诗集》等。
583ad89e4afe846f,郭璞,郭璞为东晋著名学者、文学家、训诂学家。博学多才，好古文奇字，注释《尔雅》等，其诗赋亦有佳作，擅长占卜。
7df5799cb6266384,洪亮吉,洪亮吉，清代经学家、文学家。博通经史、音韵及地理。其文辞犀利，工骈文，著有《春秋左传诂》《洪北江全集》等。
9fc40f21c6d5e30a,司空图,司空图，晚唐诗人、诗论家。官至知制诰、中书舍人。其诗多表现山林隐逸生活，诗论有《二十四诗品》等。
18ae10cef32b6c13,林杰,林杰，唐代诗人。自幼聪慧，才思敏捷，擅长作诗，其作品多以奇幻瑰丽之笔描绘神话传说等，留存诗作虽不多却颇受赞誉。
e97234d586f750c3,苏味道,苏味道为唐代诗人，赵州栾城人。年少成名，官至宰相，处事模棱两可，有“苏模棱”之称，其诗多应制之作。
ae24effbec066990,王守仁,王守仁，明代著名思想家、文学家、军事家、教育家。创立阳明心学，提出“致良知”等重要思想，影响深远。
d42e88f009d93a73,赵长卿,赵长卿，宋代词人，自号仙源居士。其词多写个人情感，风格多样，有清新自然之作，也有沉郁感伤之篇。
72575f4200f01f36,张祜,张祜，唐代诗人。家世显赫，性耿介，不趋炎附势。其诗风沉郁，多写宫词、边塞等题材，有《张处士诗集》存世。
ff0618f878ce565d,叶颙,叶颙，南宋时期官员。为人正直敢言，历仕多职，以清廉刚正著称，在政治上有一定作为，其事迹在宋史等典籍中有记载。
b93bfc15454b600c,袁凯,袁凯，字景文，号海叟，元末明初诗人。其诗风多样，才情出众，著有《海叟集》，在明初诗坛有一定地位。
630316614c3708c5,崔涂,崔涂，唐代诗人。终生飘泊，多羁旅之愁。其诗多以飘泊生活为题材，风格苍凉，如《春夕》等作较有名。
94bbcd51290cb165,李世民,李世民为唐朝第二位皇帝，在位期间开创贞观之治，文治武功卓越，善用人纳谏，推动唐朝走向繁荣昌盛。
9d8756108750f3ce,戴复古,戴复古，南宋江湖派诗人。一生不仕，浪游江湖，其诗多写山水风光、民生疾苦，风格自然清新，语言通俗明畅。
62136d8a3912f94a,史青,史青，唐代诗人。聪敏强记，曾于除夕进诗唐玄宗，其诗构思敏捷，文采斐然，展现出非凡才华。
3a8c1eb9b44c3a1f,文徵明,文徵明，明代杰出书画家。诗文书画皆擅，工行草，小楷精妙，山水画风细秀，其作品在当时及后世影响深远。
0833dcbc45d0d960,姜夔,姜夔，字尧章，号白石道人，南宋文学家、音乐家。其词风清空峭拔，善用清刚之笔，所作多有佳篇，对后世词坛影响深远。
b4b204608fd9bf9b,毛滂,毛滂，北宋词人。其词风清圆明润，多写闲适生活与男女之情。仕途坎坷，有不少佳作流传，如《临江仙·都城元夕》等。
4d1d99506251e3b3,赵鼎,赵鼎是南宋政治家、词人。他两度为相，力主抗金，后因秦桧陷害，绝食而死，有《忠正德文集》等作品。
168dba0b9d2bff31,刘辰翁,刘辰翁是宋末元初著名文学家，其词多写亡国之痛，风格沉郁悲怆，诗词造诣颇高，在文学史上有重要地位。
17d9f1b8cc90293e,韩翃,韩翃，唐代诗人。其诗多写送别唱和题材，笔法轻巧，写景别致，在大历十才子中声誉颇高，代表作有《寒食》等。
e147c9302aa5de18,韩偓,韩偓，晚唐诗人。其诗多写艳情，风格绮丽。曾仕唐，因朱温之乱南依王审知，有《香奁集》等作品传世。
0279ae566843e9b2,孟云卿,孟云卿，唐代诗人。一生坎坷，仕途不顺。其诗多反映社会现实与民生疾苦，风格质朴，为唐代诗歌发展贡献独特力量。
6f93ae6a8247ca20,杨徽之,杨徽之，字仲猷，建州浦城人。五代十国南唐时举进士，入宋后历仕多职，以诗闻名，其诗风清峭，有《杨文公诗集》。
01f970451110038c,云表,不太明确你说的“云表”具体所指哪位作者。请补充更多关于该作者的相关信息，以便我能准确为你提供简介。
c644e82b283f8cc5,仲殊,仲殊，北宋僧人、词人。俗姓张，名挥，字师利。安州人。博通经史，能文善词，其词风清逸超旷。
62a07402de2b27f6,沈佺期,沈佺期，唐代诗人。与宋之问齐名，并称“沈宋”。其诗多应制之作，词藻华丽，格律严谨，对律诗定型有重要贡献。
6d1b305326c5824e,王禹偁,王禹偁为北宋诗人、散文家，性刚直，遇事敢言，以直躬行道为己任，其诗文风格质朴，多反映社会现实。
1d428e457ce43cb6,高翥,高翥，南宋诗人。一生未仕，游荡江湖，足迹遍布江南。其诗多写田园生活与羁旅之愁，风格质朴清新。
271fbf0c557b5f27,吴惟信,吴惟信，南宋诗人。其诗作多写山水景色与羁旅之感，风格清婉，在南宋诗坛有一定地位，作品流传较广。
1e4c4f0caf858147,高启,高启是元末明初著名诗人，才情出众，其诗风格豪放清新。因卷入政治事件，遭朱元璋忌恨，被腰斩于南京，年仅39岁。
337d0a2d518f689f,张炎,张炎，宋末元初词人，其词多写个人身世之感，风格清疏空灵，有《山中白云词》，对后世词坛影响深远。
917520028277a7a3,屈大均,屈大均，明末清初著名学者、诗人。以诗名世，其诗多写家国之思，风格豪迈奔放，为岭南诗派代表人物之一。
ed4a954dd16b9bab,程颢,程颢，北宋哲学家、教育家，理学奠基者。其学说以“仁”为核心，主张通过内心修养达天理，对后世理学发展影响深远。
7cc9b0e7ae27fa33,顾太清,顾太清为清代著名女词人。她才情出众，诗词俱佳，其作品多展现细腻情感与独特生活感悟，在文学史上颇具声名。
1a930035e43a047d,殷尧藩,殷尧藩，唐代诗人。其诗多写景状物，风格清新自然。曾官至永乐县令，有不少诗作流传，展现出独特文学风貌。
3e308bb2dddf92b1,文秀,文秀，唐代诗僧。其诗作多为感怀、写景之作，风格质朴，对社会现实有所反映，在唐代诗坛有一定地位。
ef372ee66e7c1c75,舒頔,舒頔，字道原，绩溪人。元末隐居山中，有文名。曾任台州学正等职，其诗风古朴，多写个人生活与社会景象。
e54848c25952ac74,黄裳,黄裳，字勉仲，号演山，北宋词人。其词风婉约，有不少佳作。还著有多种著作，在文学、音乐等领域有一定贡献。
06affb1f82340f54,贝琼,贝琼，元末明初诗人。其诗风清俊温厚，著有《清江贝先生诗集》等。博学多闻，以文章知名，在当时文坛颇具声誉。
1964d7dd98b9d679,李隆基,李隆基即唐玄宗，开创开元盛世，使唐朝达到全盛。后期怠政致安史之乱，唐朝由盛转衰，其一生波澜壮阔。
afa7df6a311f4a55,卢挚,卢挚，字处道，号疏斋，元代著名文学家。诗文皆擅，文风质朴自然，其作品在当时颇具影响力。
5de1a7a7008c0c9d,杨朴,杨朴，字契元，宋初诗人。性恬淡，不应科举，常垂钓为乐。其诗质朴清新，受当时人赞赏，有独特风格。
9387bd57a049e0c5,张埜,张埜，元代诗人。其诗风清逸，有不少作品流传。曾游历多地，所作诗词多抒发个人情怀与对自然景色的描绘。
5fae28128f966a23,德容,不太明确你说的“德容”具体所指哪位作者。请补充更多关于这位作者的信息，比如所处时代、代表作品等，以便我准确为你简介。
73e571c5bfa7e675,吕渭老,吕渭老，字圣求，嘉兴人。善作词，风格婉媚深窈，语言工丽，多写个人身世之感，今存词一百余首。
2bcea276a8ecf2fa,徐有贞,徐有贞，明代大臣、书画家。初名珵，因策划夺门之变封武功伯。有才智谋略，却也狡黠善变，后因罪被谪戍金齿。
ebab5910990f2087,皮日休,皮日休，唐代诗人、文学家。字袭美，号逸少，又号醉吟先生。其诗文多针砭时弊，与陆龟蒙并称“皮陆”。
d9fbfb3397e90295,郭震,郭震，唐代名将、诗人。少有大志，才兼文武。曾参与军事，镇守边疆，有诗名，其作品多展现不凡抱负与壮阔情怀。
d973a35cef08f1c4,曹组,曹组，北宋词人。善作诗词，其词多写闺情及羁旅之思。曾多次参加科举，仕途坎坷，有不少作品流传于世。
